<?xml version="1.0" encoding="UTF-8"?><application api-version="1.0" desc="" id="CopySessionData" name="CopySessionData" smscode="" version="2.0">
  <app-config/>
  <endpoints>
    <endpoint encryptSecureInfo="false" name="default" type="Java">
    <config/>
    <apiThrottling/>
    <jsonpath>false</jsonpath>
</endpoint>
  </endpoints>
  <services>
    <service cachable="false" cacheduration="" customOperation="false" description="" endpoint="default" groupType="" id="setSessionDataForWF" passwordencrypted="false" security="public" serviceGroup="" smscode="" smsenabled="false" type="javaConnector">
    <service-config>
        <config-param api-version="" appid="" name="preprocessorname" value=""/>
        <config-param api-version="" appid="" name="postprocessorname" value=""/>
        <config-param api-version="" appid="" name="preprocessorJS" value=""/>
        <config-param api-version="" appid="" name="postprocessorJS" value=""/>
        <config-param api-version="" appid="" name="preprocessorRules" value=""/>
        <config-param api-version="" appid="" name="postprocessorRules" value=""/>
        <config-param api-version="" appid="" name="kony_http_supported_methods" value="POST"/>
        <config-param api-version="" appid="" name="response.event.topics" value="signalForWF"/>
        <config-param api-version="" appid="" name="className" value="com.kony.customcode.common.SessionDataJavaService"/>
        <config-param api-version="" appid="" name="methodName" value="setSessionDataForWF"/>
        <config-param api-version="" appid="" name="sockettimeout" value=""/>
    </service-config>
    <service-input isExtended="false" passthrough="false">
        <param datatype="string" defaultvalue="" description="" encode="true" format="None" formatvalue="" isExtended="false" name="status" order="" paramOrder="1" parentOrder="-1" passnull="false" sms-name="" sourcevalue="" src="request" srcformatvalue="" target="request" targetdatatype="java.lang.String" testvalue="valid" value="">
            <accessType/>
        </param>
    </service-input>
    <service-output isExtended="false" passthrough="false"/>
</service>
  </services>
</application>
