{"data":"{\"class\":\"GraphLinksModel\",\"linkKeyProperty\":\"lKey\",\"nodeDataArray\":[{\"key\":402,\"category\":\"event\",\"text\":\"Start - submit application\",\"eventType\":10,\"eventDimension\":1,\"loc\":\"-710.9999999999998 -140.9999999999999\",\"isEditable\":false,\"properties\":{\"description\":\"\",\"eventName\":\"LoanProcess/startProcess\",\"outputs\":{\"context\":\"startSignalParams\",\"body\":[{\"key\":\"applicationId\",\"value\":\"applicationId\",\"varNamespace\":\"DEVICE_REQUEST\",\"dataType\":\"String\",\"isCorrelationId\":true},{\"key\":\"SSN\",\"value\":\"SSN\",\"varNamespace\":\"DEVICE_REQUEST\",\"dataType\":\"String\",\"isCorrelationId\":true},{\"key\":\"loanAmount\",\"value\":\"loanAmount\",\"varNamespace\":\"DEVICE_REQUEST\",\"dataType\":\"String\",\"isCorrelationId\":false}]}}},{\"key\":203,\"category\":\"activity\",\"text\":\"Equifax: getCreditScore\",\"taskType\":6,\"loc\":\"-544 -140.99999999999997\",\"properties\":{\"serviceType\":\"integration\",\"serviceId\":\"EquifaxSvc\",\"operationId\":\"getCreditScore\",\"version\":\"1.0\",\"inputs\":{\"header\":[],\"body\":[{\"key\":\"SSN\",\"dataType\":\"string\",\"value\":\"SSN\",\"varNamespace\":\"DEVICE_REQUEST\"}]},\"outputs\":{\"header\":[],\"body\":[{\"key\":\"creditScore\"}]},\"description\":\"\"}},{\"key\":509,\"category\":\"event\",\"text\":\"Catch - document verification\",\"eventType\":10,\"eventDimension\":4,\"loc\":\"-393.0000000000001 -140.99999999999997\",\"properties\":{\"description\":\"\",\"eventName\":\"LoanProcess/documentsValidation\",\"outputs\":{\"context\":\"documents\",\"body\":[{\"key\":\"w2tax_doc_status\",\"value\":\"w2tax_doc_status\",\"varNamespace\":\"DEVICE_REQUEST\",\"dataType\":\"String\"},{\"key\":\"payslip_doc_status\",\"value\":\"payslip_doc_status\",\"varNamespace\":\"DEVICE_REQUEST\",\"dataType\":\"String\"},{\"key\":\"ID_doc_status\",\"value\":\"ID_doc_status\",\"varNamespace\":\"DEVICE_REQUEST\",\"dataType\":\"String\"}]}}},{\"key\":302,\"category\":\"gateway\",\"text\":\"document verification status\",\"gatewayType\":4,\"loc\":\"-260 -140.49999999999994\"},{\"key\":204,\"category\":\"activity\",\"text\":\"Rule Task - check eligiblity\",\"taskType\":7,\"loc\":\"-90 -140.99999999999997\",\"properties\":{\"serviceType\":\"RulesConnector\",\"serviceId\":\"checkLoanEligibility\",\"operationId\":\"isLoanEligible\",\"version\":\"1.0\",\"inputs\":{\"header\":[],\"body\":[{\"key\":\"score\",\"dataType\":\"string\",\"value\":\"creditScore.score\",\"varNamespace\":\"FABRIC_WORKFLOW_CONTEXT\"},{\"key\":\"loanAmount\",\"dataType\":\"string\",\"value\":\"startSignalParams.loanAmount\",\"varNamespace\":\"FABRIC_WORKFLOW_CONTEXT\"}]},\"outputs\":{\"header\":[],\"body\":[{\"key\":\"eligibility\"}]},\"description\":\"\"}},{\"key\":-6,\"category\":\"gateway\",\"text\":\"Exclusive Gateway\",\"gatewayType\":4,\"loc\":\"50 -141.49999999999997\"},{\"key\":102,\"category\":\"event\",\"text\":\"End\",\"eventType\":1,\"eventDimension\":8,\"loc\":\"255 -233\"},{\"key\":-10,\"category\":\"event\",\"text\":\"End\",\"eventType\":1,\"eventDimension\":8,\"loc\":\"255 -42.33333396911621\"},{\"key\":510,\"category\":\"event\",\"eventType\":10,\"eventDimension\":7,\"text\":\"Throw\\nSignal\",\"loc\":\"-209 48.50000000000003\",\"properties\":{\"description\":\"\",\"eventName\":\"loanProcess/eventListener\",\"outputs\":{\"body\":[{\"key\":\"to\",\"value\":\"emailId\",\"varNamespace\":\"DEVICE_REQUEST\",\"dataType\":\"String\"},{\"key\":\"subject\",\"value\":\"Please submit all the documents\",\"varNamespace\":\"none\",\"dataType\":\"String\"},{\"key\":\"message\",\"value\":\"Hello, <br> You have not submitted required documents. In order to proceed further, please submit required documents.<br><br>Thanks\",\"varNamespace\":\"none\",\"dataType\":\"String\"}]}}},{\"key\":-11,\"category\":\"event\",\"eventType\":10,\"eventDimension\":7,\"text\":\"Throw loan approval\",\"loc\":\"141 -233\",\"properties\":{\"description\":\"\",\"eventName\":\"loanProcess/eventListener\",\"outputs\":{\"body\":[{\"key\":\"to\",\"value\":\"emailId\",\"varNamespace\":\"DEVICE_REQUEST\",\"dataType\":\"String\"},{\"key\":\"subject\",\"value\":\"You are eligible for loan\",\"dataType\":\"String\"},{\"key\":\"message\",\"value\":\"Hello,<br>You are eligible to get loan based on your credit score and submitted documents.<br><br>Thanks,<br>Manager.\",\"dataType\":\"String\"}]}}},{\"key\":-12,\"category\":\"event\",\"eventType\":10,\"eventDimension\":7,\"text\":\"Throw loan rejected\",\"loc\":\"141 -42.33333396911621\",\"properties\":{\"description\":\"\",\"eventName\":\"loanProcess/eventListener\",\"outputs\":{\"body\":[{\"key\":\"to\",\"value\":\"emailId\",\"varNamespace\":\"DEVICE_REQUEST\",\"dataType\":\"String\"},{\"key\":\"subject\",\"value\":\"Your loan application is Rejected\",\"dataType\":\"String\"},{\"key\":\"message\",\"value\":\"Hello,<br>Your loan application has been rejected due to low credit score.<br>Thanks.\",\"dataType\":\"String\"}]}}}],\"linkDataArray\":[{\"from\":402,\"to\":203,\"lKey\":-1,\"points\":[-695.5000000000001,-140.99999999999994,-685.5000000000001,-140.99999999999994,-649.75,-140.99999999999994,-649.75,-140.99999999999994,-614,-140.99999999999994,-594,-140.99999999999994]},{\"from\":203,\"to\":509,\"lKey\":-2,\"points\":[-494,-140.99999999999997,-484,-140.99999999999997,-456.2500000000001,-140.99999999999997,-456.2500000000001,-140.99999999999997,-428.5000000000002,-140.99999999999997,-408.5000000000002,-140.99999999999997]},{\"from\":509,\"to\":302,\"lKey\":-3,\"points\":[-377.5000000000002,-140.99999999999997,-367.5000000000002,-140.99999999999997,-341.5000000000001,-140.99999999999997,-341.5000000000001,-140.49999999999994,-315.5,-140.49999999999994,-295.5,-140.49999999999994]},{\"from\":302,\"to\":204,\"lKey\":-4,\"visible\":true,\"type\":\"exclusiveLink\",\"points\":[-224.5,-140.49999999999994,-214.5,-140.49999999999994,-187.25,-140.49999999999994,-187.25,-140.99999999999997,-160,-140.99999999999997,-140,-140.99999999999997],\"text\":\"documents verified\",\"query\":{\"id\":\"g-rSO0Gyr1tlHQV7ys9RVM7\",\"rules\":[{\"id\":\"r-r4IhW1NYpG7JKLGxsLrj4\",\"field\":\"FABRIC_WORKFLOW_CONTEXT.documents.ID_doc_status\",\"value\":\"none.verified\",\"operator\":\"==\"},{\"id\":\"r-7rKU5somqlG9ZfeJLKmSO\",\"field\":\"FABRIC_WORKFLOW_CONTEXT.documents.payslip_doc_status\",\"value\":\"none.verified\",\"operator\":\"==\"},{\"id\":\"r-xYzeTh-LQ1C2N2f0rZ1s3\",\"field\":\"FABRIC_WORKFLOW_CONTEXT.documents.w2tax_doc_status\",\"value\":\"none.verified\",\"operator\":\"==\"}],\"combinator\":\"AND\",\"not\":false}},{\"from\":302,\"to\":510,\"lKey\":-5,\"visible\":true,\"type\":\"exclusiveLink\",\"points\":[-260,-104.99999999999994,-260,-94.99999999999994,-260,-92,-260,-92,-260,48.50000000000003,-244.5,48.50000000000003,-224.5,48.50000000000003],\"text\":\"documents pending\"},{\"from\":204,\"to\":-6,\"lKey\":-6,\"points\":[-40,-140.99999999999997,-30,-140.99999999999997,-17.75,-140.99999999999997,-17.75,-141.49999999999997,-5.5,-141.49999999999997,14.5,-141.49999999999997]},{\"from\":510,\"to\":509,\"lKey\":-11,\"points\":[-193.5,48.50000000000003,-183.5,48.50000000000003,-183.5,-21.24999999999997,-428.5000000000002,-21.24999999999997,-428.5000000000002,-140.99999999999997,-408.5000000000002,-140.99999999999997]},{\"from\":-6,\"to\":-11,\"lKey\":-12,\"visible\":true,\"type\":\"exclusiveLink\",\"points\":[50,-176.99999999999997,50,-186.99999999999997,50,-233,77.75,-233,105.5,-233,125.5,-233],\"text\":\"eligible\",\"query\":{\"id\":\"g-6jLWqhTHauJ_wsK8_WzT8\",\"rules\":[{\"id\":\"r-7wBi6E2coSYIEWqvep-Eu\",\"field\":\"FABRIC_WORKFLOW_CONTEXT.eligibility.status\",\"value\":\"none.Approve\",\"operator\":\"==\"}],\"combinator\":\"AND\",\"not\":false}},{\"from\":-11,\"to\":102,\"lKey\":-13,\"points\":[156.5,-233,166.5,-233,166.5,-233,166.5,-233,219.5,-233,239.5,-233]},{\"from\":-6,\"to\":-12,\"lKey\":-10,\"visible\":true,\"type\":\"exclusiveLink\",\"points\":[50,-105.99999999999997,50,-95.99999999999997,50,-92,50,-92,50,-42.333333969116204,105.5,-42.333333969116204,125.5,-42.333333969116204],\"text\":\"not eligible\",\"query\":{\"id\":\"g--lMGUaW2dG_J-jD_uWuhV\",\"rules\":[{\"id\":\"r-P0_EgT8N1t2XQt5cuh7Vq\",\"field\":\"FABRIC_WORKFLOW_CONTEXT.eligibility.status\",\"value\":\"none.Reject\",\"operator\":\"==\"}],\"combinator\":\"AND\",\"not\":false}},{\"from\":-12,\"to\":-10,\"lKey\":-14,\"points\":[156.5,-42.333333969116204,166.5,-42.333333969116204,166.5,-42.33333396911621,166.5,-42.33333396911621,219.5,-42.33333396911621,239.5,-42.33333396911621]}]}"}