<?xml version="1.0" encoding="UTF-8" standalone="yes"?><javaScriptFFIContainer><namespaces name="WindowsOfflineObjects"><jsClasses><constructors/><jsMethods name="create"><mappings platformId="50"><nativeMethod className="ObjectSyncFFI" frameworks="" library="" name="CreateSDKObjectRecord" packageName="" static="false"><params dataType="string"/><params dataType="object"/><params dataType="object"/><params dataType="Framework.JS.Foundation.JSClosure"/><params dataType="Framework.JS.Foundation.JSClosure"/><versionSpecificLibraries><entry><key>5.0</key></entry><entry><key>6.0</key></entry></versionSpecificLibraries></nativeMethod></mappings><mappings platformId="48"><nativeMethod className="ObjectSyncFFI" frameworks="" library="" name="CreateSDKObjectRecord" packageName="" static="false"><params dataType="string"/><params dataType="object"/><params dataType="object"/><params dataType="Framework.JS.Foundation.JSClosure"/><params dataType="Framework.JS.Foundation.JSClosure"/><versionSpecificLibraries><entry><key>5.0</key></entry><entry><key>6.0</key></entry></versionSpecificLibraries></nativeMethod></mappings><mappings platformId="21"><nativeMethod className="ObjectSyncFFI" frameworks="" library="" name="CreateSDKObjectRecord" packageName="" static="false"><params dataType="string"/><params dataType="object"/><params dataType="object"/><params dataType="Framework.JS.Foundation.JSClosure"/><params dataType="Framework.JS.Foundation.JSClosure"/><versionSpecificLibraries><entry><key>5.0</key></entry><entry><key>6.0</key></entry></versionSpecificLibraries></nativeMethod></mappings><params dataType="String" name="sdkObjectName"/><params dataType="Object" name="record"/><params dataType="Object" name="options"/><params dataType="Function" name="successCallback"/><params dataType="Function" name="failureCallback"/><returnTypes>void</returnTypes></jsMethods><jsMethods name="updateByPK"><mappings platformId="50"><nativeMethod className="ObjectSyncFFI" frameworks="" library="" name="UpdateSDKObjectRecord" packageName="" static="false"><params dataType="string"/><params dataType="object"/><params dataType="object"/><params dataType="Framework.JS.Foundation.JSClosure"/><params dataType="Framework.JS.Foundation.JSClosure"/><versionSpecificLibraries><entry><key>5.0</key></entry><entry><key>6.0</key></entry></versionSpecificLibraries></nativeMethod></mappings><mappings platformId="48"><nativeMethod className="ObjectSyncFFI" frameworks="" library="" name="UpdateSDKObjectRecord" packageName="" static="false"><params dataType="string"/><params dataType="object"/><params dataType="object"/><params dataType="Framework.JS.Foundation.JSClosure"/><params dataType="Framework.JS.Foundation.JSClosure"/><versionSpecificLibraries><entry><key>5.0</key></entry><entry><key>6.0</key></entry></versionSpecificLibraries></nativeMethod></mappings><mappings platformId="21"><nativeMethod className="ObjectSyncFFI" frameworks="" library="" name="UpdateSDKObjectRecord" packageName="" static="false"><params dataType="string"/><params dataType="object"/><params dataType="object"/><params dataType="Framework.JS.Foundation.JSClosure"/><params dataType="Framework.JS.Foundation.JSClosure"/><versionSpecificLibraries><entry><key>5.0</key></entry><entry><key>6.0</key></entry></versionSpecificLibraries></nativeMethod></mappings><params dataType="String" name="sdkObjectName"/><params dataType="Object" name="record"/><params dataType="Object" name="options"/><params dataType="Function" name="successCallback"/><params dataType="Function" name="failureCallback"/><returnTypes>void</returnTypes></jsMethods><jsMethods name="get"><mappings platformId="50"><nativeMethod className="ObjectSyncFFI" frameworks="" library="" name="ReadSDKObjectRecord" packageName="" static="false"><params dataType="string"/><params dataType="object"/><params dataType="Framework.JS.Foundation.JSClosure"/><params dataType="Framework.JS.Foundation.JSClosure"/><versionSpecificLibraries><entry><key>5.0</key></entry><entry><key>6.0</key></entry></versionSpecificLibraries></nativeMethod></mappings><mappings platformId="48"><nativeMethod className="ObjectSyncFFI" frameworks="" library="" name="ReadSDKObjectRecord" packageName="" static="false"><params dataType="string"/><params dataType="object"/><params dataType="Framework.JS.Foundation.JSClosure"/><params dataType="Framework.JS.Foundation.JSClosure"/><versionSpecificLibraries><entry><key>5.0</key></entry><entry><key>6.0</key></entry></versionSpecificLibraries></nativeMethod></mappings><mappings platformId="21"><nativeMethod className="ObjectSyncFFI" frameworks="" library="" name="ReadSDKObjectRecord" packageName="" static="false"><params dataType="string"/><params dataType="object"/><params dataType="Framework.JS.Foundation.JSClosure"/><params dataType="Framework.JS.Foundation.JSClosure"/><versionSpecificLibraries><entry><key>5.0</key></entry><entry><key>6.0</key></entry></versionSpecificLibraries></nativeMethod></mappings><params dataType="String" name="sdkObjectName"/><params dataType="Object" name="options"/><params dataType="Function" name="successCallback"/><params dataType="Function" name="failureCallback"/><returnTypes>void</returnTypes></jsMethods><jsMethods name="deleteByPK"><mappings platformId="50"><nativeMethod className="ObjectSyncFFI" frameworks="" library="" name="DeleteSDKObjectRecord" packageName="" static="false"><params dataType="string"/><params dataType="object"/><params dataType="Framework.JS.Foundation.JSClosure"/><params dataType="Framework.JS.Foundation.JSClosure"/><versionSpecificLibraries><entry><key>5.0</key></entry><entry><key>6.0</key></entry></versionSpecificLibraries></nativeMethod></mappings><mappings platformId="48"><nativeMethod className="ObjectSyncFFI" frameworks="" library="" name="DeleteSDKObjectRecord" packageName="" static="false"><params dataType="string"/><params dataType="object"/><params dataType="Framework.JS.Foundation.JSClosure"/><params dataType="Framework.JS.Foundation.JSClosure"/><versionSpecificLibraries><entry><key>5.0</key></entry><entry><key>6.0</key></entry></versionSpecificLibraries></nativeMethod></mappings><mappings platformId="21"><nativeMethod className="ObjectSyncFFI" frameworks="" library="" name="DeleteSDKObjectRecord" packageName="" static="false"><params dataType="string"/><params dataType="object"/><params dataType="Framework.JS.Foundation.JSClosure"/><params dataType="Framework.JS.Foundation.JSClosure"/><versionSpecificLibraries><entry><key>5.0</key></entry><entry><key>6.0</key></entry></versionSpecificLibraries></nativeMethod></mappings><params dataType="String" name="sdkObjectName"/><params dataType="Object" name="options"/><params dataType="Function" name="successCallback"/><params dataType="Function" name="failureCallback"/><returnTypes>void</returnTypes></jsMethods><jsMethods name="startSync"><mappings platformId="50"><nativeMethod className="ObjectSyncFFI" frameworks="" library="" name="SyncSDKObject" packageName="" static="false"><params dataType="string"/><params dataType="object"/><params dataType="Framework.JS.Foundation.JSClosure"/><params dataType="Framework.JS.Foundation.JSClosure"/><params dataType="Framework.JS.Foundation.JSClosure"/><versionSpecificLibraries><entry><key>5.0</key></entry><entry><key>6.0</key></entry></versionSpecificLibraries></nativeMethod></mappings><mappings platformId="48"><nativeMethod className="ObjectSyncFFI" frameworks="" library="" name="SyncSDKObject" packageName="" static="false"><params dataType="string"/><params dataType="object"/><params dataType="Framework.JS.Foundation.JSClosure"/><params dataType="Framework.JS.Foundation.JSClosure"/><params dataType="Framework.JS.Foundation.JSClosure"/><versionSpecificLibraries><entry><key>5.0</key></entry><entry><key>6.0</key></entry></versionSpecificLibraries></nativeMethod></mappings><mappings platformId="21"><nativeMethod className="ObjectSyncFFI" frameworks="" library="" name="SyncSDKObject" packageName="" static="false"><params dataType="string"/><params dataType="object"/><params dataType="Framework.JS.Foundation.JSClosure"/><params dataType="Framework.JS.Foundation.JSClosure"/><params dataType="Framework.JS.Foundation.JSClosure"/><versionSpecificLibraries><entry><key>5.0</key></entry><entry><key>6.0</key></entry></versionSpecificLibraries></nativeMethod></mappings><params dataType="String" name="sdkObjectName"/><params dataType="Object" name="options"/><params dataType="Function" name="successCallback"/><params dataType="Function" name="failureCallback"/><params dataType="Function" name="progressCallback"/><returnTypes>void</returnTypes></jsMethods><mappings platformId="50"><nativeClasses frameworks="" library="offlineobjects.zip" name="ObjectSyncFFI" packageName="OfflineObjects.FFI"><constructors constructor="true" name="ObjectSyncFFI" static="true"/><versionSpecificLibraries><entry><key>5.0</key></entry><entry><key>6.0</key></entry></versionSpecificLibraries></nativeClasses></mappings><mappings platformId="48"><nativeClasses frameworks="" library="offlineobjects.zip" name="ObjectSyncFFI" packageName="OfflineObjects.FFI"><constructors constructor="true" name="ObjectSyncFFI" static="true"/><versionSpecificLibraries><entry><key>5.0</key></entry><entry><key>6.0</key></entry></versionSpecificLibraries></nativeClasses></mappings><mappings platformId="21"><nativeClasses frameworks="" library="offlineobjects.zip" name="ObjectSyncFFI" packageName="OfflineObjects.FFI"><constructors constructor="true" name="ObjectSyncFFI" static="true"/><versionSpecificLibraries><entry><key>5.0</key></entry><entry><key>6.0</key></entry></versionSpecificLibraries></nativeClasses></mappings><name>OfflineSDKObject</name></jsClasses><jsFunctions name="setToken"><mappings platformId="50"><nativeFunction className="OfflineObjectsFFI" frameworks="" library="offlineobjects.zip" name="SetToken" packageName="OfflineObjects.FFI" static="false"><params dataType="string"/><versionSpecificLibraries><entry><key>5.0</key></entry><entry><key>6.0</key></entry></versionSpecificLibraries></nativeFunction></mappings><mappings platformId="48"><nativeFunction className="OfflineObjectsFFI" frameworks="" library="offlineobjects.zip" name="SetToken" packageName="OfflineObjects.FFI" static="false"><params dataType="string"/><versionSpecificLibraries><entry><key>5.0</key></entry><entry><key>6.0</key></entry></versionSpecificLibraries></nativeFunction></mappings><mappings platformId="21"><nativeFunction className="OfflineObjectsFFI" frameworks="" library="offlineobjects.zip" name="SetToken" packageName="OfflineObjects.FFI" static="false"><params dataType="string"/><versionSpecificLibraries><entry><key>5.0</key></entry><entry><key>6.0</key></entry></versionSpecificLibraries></nativeFunction></mappings><params dataType="String" name="token"/><returnTypes>void</returnTypes></jsFunctions><jsFunctions name="setup"><mappings platformId="50"><nativeFunction className="OfflineObjectsFFI" frameworks="" library="offlineobjects.zip" name="SyncSetup" packageName="OfflineObjects.FFI" static="false"><params dataType="object"/><params dataType="object"/><params dataType="Framework.JS.Foundation.JSClosure"/><params dataType="Framework.JS.Foundation.JSClosure"/><versionSpecificLibraries><entry><key>5.0</key></entry><entry><key>6.0</key></entry></versionSpecificLibraries></nativeFunction></mappings><mappings platformId="21"><nativeFunction className="OfflineObjectsFFI" frameworks="" library="offlineobjects.zip" name="SyncSetup" packageName="OfflineObjects.FFI" static="false"><params dataType="object"/><params dataType="object"/><params dataType="Framework.JS.Foundation.JSClosure"/><params dataType="Framework.JS.Foundation.JSClosure"/><versionSpecificLibraries><entry><key>5.0</key></entry><entry><key>6.0</key></entry></versionSpecificLibraries></nativeFunction></mappings><mappings platformId="48"><nativeFunction className="OfflineObjectsFFI" frameworks="" library="offlineobjects.zip" name="SyncSetup" packageName="OfflineObjects.FFI" static="false"><params dataType="object"/><params dataType="object"/><params dataType="Framework.JS.Foundation.JSClosure"/><params dataType="Framework.JS.Foundation.JSClosure"/><versionSpecificLibraries><entry><key>5.0</key></entry><entry><key>6.0</key></entry></versionSpecificLibraries></nativeFunction></mappings><params dataType="Object" name="objServiceList"/><params dataType="Object" name="options"/><params dataType="Function" name="successCallback"/><params dataType="Function" name="failureCallback"/><returnTypes>void</returnTypes></jsFunctions><jsFunctions name="drop"><mappings platformId="50"><nativeFunction className="OfflineObjectsFFI" frameworks="" library="offlineobjects.zip" name="SyncDrop" packageName="OfflineObjects.FFI" static="false"><params dataType="object"/><params dataType="Framework.JS.Foundation.JSClosure"/><params dataType="Framework.JS.Foundation.JSClosure"/><versionSpecificLibraries><entry><key>5.0</key></entry><entry><key>6.0</key></entry></versionSpecificLibraries></nativeFunction></mappings><mappings platformId="48"><nativeFunction className="OfflineObjectsFFI" frameworks="" library="offlineobjects.zip" name="SyncDrop" packageName="OfflineObjects.FFI" static="false"><params dataType="object"/><params dataType="Framework.JS.Foundation.JSClosure"/><params dataType="Framework.JS.Foundation.JSClosure"/><versionSpecificLibraries><entry><key>5.0</key></entry><entry><key>6.0</key></entry></versionSpecificLibraries></nativeFunction></mappings><mappings platformId="21"><nativeFunction className="OfflineObjectsFFI" frameworks="" library="offlineobjects.zip" name="SyncDrop" packageName="OfflineObjects.FFI" static="false"><params dataType="object"/><params dataType="Framework.JS.Foundation.JSClosure"/><params dataType="Framework.JS.Foundation.JSClosure"/><versionSpecificLibraries><entry><key>5.0</key></entry><entry><key>6.0</key></entry></versionSpecificLibraries></nativeFunction></mappings><params dataType="Object" name="options"/><params dataType="Function" name="successCallback"/><params dataType="Function" name="failureCallback"/><returnTypes>void</returnTypes></jsFunctions><jsFunctions name="rollback"><mappings platformId="50"><nativeFunction className="OfflineObjectsFFI" frameworks="" library="offlineobjects.zip" name="SyncRollback" packageName="OfflineObjects.FFI" static="false"><params dataType="Framework.JS.Foundation.JSClosure"/><params dataType="Framework.JS.Foundation.JSClosure"/><versionSpecificLibraries><entry><key>5.0</key></entry><entry><key>6.0</key></entry></versionSpecificLibraries></nativeFunction></mappings><mappings platformId="48"><nativeFunction className="OfflineObjectsFFI" frameworks="" library="offlineobjects.zip" name="SyncRollback" packageName="OfflineObjects.FFI" static="false"><params dataType="Framework.JS.Foundation.JSClosure"/><params dataType="Framework.JS.Foundation.JSClosure"/><versionSpecificLibraries><entry><key>5.0</key></entry><entry><key>6.0</key></entry></versionSpecificLibraries></nativeFunction></mappings><mappings platformId="21"><nativeFunction className="OfflineObjectsFFI" frameworks="" library="offlineobjects.zip" name="SyncRollback" packageName="OfflineObjects.FFI" static="false"><params dataType="Framework.JS.Foundation.JSClosure"/><params dataType="Framework.JS.Foundation.JSClosure"/><versionSpecificLibraries><entry><key>5.0</key></entry><entry><key>6.0</key></entry></versionSpecificLibraries></nativeFunction></mappings><params dataType="Function" name="successCallback"/><params dataType="Function" name="failureCallback"/><returnTypes>void</returnTypes></jsFunctions><jsFunctions name="reset"><mappings platformId="50"><nativeFunction className="OfflineObjectsFFI" frameworks="" library="offlineobjects.zip" name="SyncReset" packageName="OfflineObjects.FFI" static="false"><params dataType="object"/><params dataType="object"/><params dataType="Framework.JS.Foundation.JSClosure"/><params dataType="Framework.JS.Foundation.JSClosure"/><versionSpecificLibraries><entry><key>5.0</key></entry><entry><key>6.0</key></entry></versionSpecificLibraries></nativeFunction></mappings><mappings platformId="21"><nativeFunction className="OfflineObjectsFFI" frameworks="" library="offlineobjects.zip" name="SyncReset" packageName="OfflineObjects.FFI" static="false"><params dataType="object"/><params dataType="object"/><params dataType="Framework.JS.Foundation.JSClosure"/><params dataType="Framework.JS.Foundation.JSClosure"/><versionSpecificLibraries><entry><key>5.0</key></entry><entry><key>6.0</key></entry></versionSpecificLibraries></nativeFunction></mappings><mappings platformId="48"><nativeFunction className="OfflineObjectsFFI" frameworks="" library="offlineobjects.zip" name="SyncReset" packageName="OfflineObjects.FFI" static="false"><params dataType="object"/><params dataType="object"/><params dataType="Framework.JS.Foundation.JSClosure"/><params dataType="Framework.JS.Foundation.JSClosure"/><versionSpecificLibraries><entry><key>5.0</key></entry><entry><key>6.0</key></entry></versionSpecificLibraries></nativeFunction></mappings><params dataType="Object" name="objServiceList"/><params dataType="Object" name="options"/><params dataType="Function" name="successCallback"/><params dataType="Function" name="failureCallback"/><returnTypes>void</returnTypes></jsFunctions></namespaces></javaScriptFFIContainer>