{
  "subType" : "customapp",
  "description" : "Orch2.0App",
  "version" : "1.0",
  "intSvcs" : [ {
    "name" : "EmailService",
    "version" : "1.0",
    "etag" : "b816ee29-5ad3-49c7-9a2f-7f6ca08e10d9"
  }, {
    "name" : "EquifaxSvc",
    "version" : "1.0",
    "etag" : "35cd3361-6aae-459c-86e8-c8114d3ce65e"
  } ],
  "objectSvcs" : [ {
    "name" : "loanApplicationSvc",
    "version" : "1.0",
    "etag" : "df865a30-a0b4-4d14-884c-7192f8feebc0"
  } ],
  "workflowSvcs" : [ {
    "name" : "LoanEligibilityProcess",
    "version" : "1.0",
    "etag" : "99fb5b9d-d898-4e6f-acb7-3c23141542f4"
  } ],
  "rulesSvcs" : [ {
    "name" : "checkLoanEligibility",
    "version" : "1.0",
    "etag" : "d03e7716-f12d-413c-a4ac-b662dbbec72c"
  } ],
  "identitySvcConf" : "{\"session_idle_timeout_mins\":20,\"session_max_duration_mins\":360,\"show_security_attributes\":false,\"is_integrity_enabled\":false,\"auto_extend\":true}"
}