{    
"theme_color": "#FF0000",
"orientation": "landscape",    
"background_color": "#9E9E9E",    
"display": "standalone",    
"name": "Sanity App",    
"short_name": "Sanity",
"start_url": "apps/SanityWRSerNC/",
"icons": [{      
"src": "launcher-192.png",      
"type": "image/png",      
"sizes": "192x192"
},    {
"src": "launcher-512.png",      
"type": "image/png",      
"sizes": "512x512"    
}],    
"related_applications": [{        
"platform": "web",
"url": "http://localhost:8213/apps/SanityWRSerNC/"    
}]
}